ID,Score,Reward in $,Reward in FOX,Polygon Address,TXID
hccedh8,17,239.4366197,818.0273991,Waiting for confirmation,
hcbhyj2,13,183.0985915,625.550364,0x8f601d28FBE190778255a740b023E17C147692C5,0x47ce212bf83f4b7210b630a14f1cc3fda166ac37c2d1f01f9c955157444fe984
hcb64ox,11,154.9295775,529.3118465,0xD979FB0dF924888994D558d74Fd0493e090d3BA0,0x58627784abc2a687e302a2562c2721e48fa0ab2dd8941c1a48122b3bcd057e21
hcc8gyz,10,140.8450704,481.1925877,0xABBC4a3bC4ef51cf0C5bE7bAAcba40138D97a7d2,0x243e6f252e8b0760f3022a8ad2cb9ed8b4a1dc71fcb94841c06f235144708cd4
hcbl9pm,8,112.6760563,384.9540702,XDAI: 0x3741703f6DB21aC013D009fafE64c85b717b1b37,0x095a6e7603e31de23a9f58e58715abccdce9510f891544730699b69e7f39b9f8
hcdblxo,6,84.50704225,288.7155526,0xb83A6f8fbFBc4a4d875407e58dBd1793b986e235,0xb7312a77dcc2c23c281918338eec510bb5361836f1aea2c46cf5e7fc3a32985f
hcbfnw3,5,70.42253521,240.5962939,0x2F3FCCF50aBDb278436FeB99CAB693a4d914f85c,0x874b269d5b46ddf0b14153c1314ec03d6f1e959e8182b78f290bcaa2ab1a95b5
hcbwq9l,5,70.42253521,240.5962939,0xeb6a80243f44cbc1d01faee660aab537f4a0b4ed,0x95c27516ee7b3b0fc5824578b209b6c70b7fa750e117e6340071da758022d727
hcb9t6t,4,56.33802817,192.4770351,0xC523E37904b8DdA278Be61Fcf9d704c86a91d0f9,0xfdfe193ab026c727ddaf7b8aabda271a0f84b1bdb5e17c4c9582120334e10025
hcbpuhl,4,56.33802817,192.4770351,0x2F24074d8Ce5589C1f3490eaC85D91792222Eaef,0xc66f228872268084c1f20ecd8f294b4da99f77fc8e7840ba7d92eb66a11e3990
hcbrlmh,3,42.25352113,144.3577763,0xbC1434d3257897f5a08B8769D79D2D9399b3f433,0x15ebe20a46a1038791c29897aa18d5e10ede0f5f284e268598783104ed6c6956
hcc8uja,3,42.25352113,144.3577763,Waiting for confirmation,
hccjqpd,3,42.25352113,144.3577763,0xD96858a7D676c1ef1F6dB910A42432548d4a8EB7,0x89b38f6d99892d0909f4c603e006a5d1471538ae6907179e46d1fe6ec95dc4b0
hccwhnu,3,42.25352113,144.3577763,0xA02Da1a053A52e48b5e78Ab9C596b20224015652,0x6fb371be8c00d87e5fc1d0369c1c286e349e2fe3d1ce0ba6761eca42175bf993
hce68g7,3,42.25352113,144.3577763,0xd650312787bF0713de27734a22C8580cB9D93c4c,0x8619c4f9ab771024556e107f4edc5c970a7165883fdd251b044187597f9e6e91
hcb6ubm,3,42.25352113,144.3577763,0x53a7Fe236571E6ee893C3Aa1545449E1B6E058E5,0x29fd9f0b253d25f6501b79f61edd2875984fba1cd6ecfa55c760460d2dc73171
hcbrnlt,2,28.16901408,96.23851754,0x6085C654968949293Cc230B40e7eFe21F7dFEB70,0x8619c4f9ab771024556e107f4edc5c970a7165883fdd251b044187597f9e6e91
hccm94r,2,28.16901408,96.23851754,0x18474d647B842843F204aA50138d79bDAA0E3382,0xad3943d690a185cf834a0c62ac17a2e8ef3af520362d4a5127a513ac8e69eeb8
hccr982,2,28.16901408,96.23851754,0xa6ffafFd4E629121480a4128da393FEed3D704B8,0xc6028a88a78fb246f7a59aad1d82f48872232ea6392d87720b2595fa596ec8f1
hcdmn8p,2,28.16901408,96.23851754,0x3713CeB72252413D6925a33e76a24cc3009148Bd,0x1496cc24715dc66d1214eede3e9e711cb54e40a7c334cebacffb1154983fc8c9
hce8cb1,2,28.16901408,96.23851754,0xf706B7E96a8C833749206834C1D9870a0aE9058C,0x4d39268452d2da93640b660c8b8ed9ab08ead36fdcc7590b433e1b522d9b4d7f
hcew882,2,28.16901408,96.23851754,0x26B8669b783518407198473AC2a51f8643141Af5,0xa8d269a03ca979e1bae551570d0d85355b8919160e1fb525f029077083af123e
hcex3cv,2,28.16901408,96.23851754,0xC5a0D7D8d403f371985fCb5c4dD9527bF82eE4Ab,0xba2a6b275df7091389b5ea044b0a4b0633e76fabdfc932c860cad897c1c6e6b9
hcb61lw,2,28.16901408,96.23851754,0x82FdcFe9B0a6EF2D210255E54DA6bAC7E56CFD8D,0xa1bb42626ebef8fe0ed52c36f51d5ae9a90b7e0019f1974a5674fe463ba59b4d
hcb8rmt,2,28.16901408,96.23851754,0x75BDAc18A9DeFBE8b1CC196C2c1cC2028062721d,0x83005f11ef06fb70b048dfe3424b4c1c989941be9fdfd845fd63f8ec9ede049d
hcb98io,2,28.16901408,96.23851754,0x255C1A98ab5a3ed5aab91AaC776eBBa002819Edd,0xe5f129a43c6c144168aec80f8dd11854fd598003a1c7147056794b4b4b29bee0
hcb9lqu,2,28.16901408,96.23851754,0x1c28eb67Bf18f27d4Da3C11010B30D9cfEf2B9b4,0xacff9a8f68be5157268f5587c7542dc4dbb4941ab8810bbf362d0f76470d2504
hcbb0hf,2,28.16901408,96.23851754,0xf64d63A924b005f237EBa17f47793186d4b373e8,0x42be3c197f740888e5d7e07c06b1ba690a062dda6f4775004888f3d881bb9fab
hcbbfwo,2,28.16901408,96.23851754,0xdd2A4dBf3fdc4ae3B34a11797f51350A4306F1bb,0xf44cccf8c56d844c31931bd65c936f18cd781b5411c16c8a59172aec13cd8e53
hcbbsll,2,28.16901408,96.23851754,0xdd2A4dBf3fdc4ae3B34a11797f51350A4306F1bb,0xf0246b8ec9f32882b5408bb3fb893a08f68b403e557953f95efe0c7325c96cc6
hcbbxqo,2,28.16901408,96.23851754,0x2C0ea9c369dEa5273067e764e522B680AeD5018d,0x39785b23cb98f25b873654632097d1d75e3206b30005c3207d88d68f5c9f2607
hcbe3mv,2,28.16901408,96.23851754,0x3C69Dce6B837C4F74e6D115aaAA6a3631767bBde,0x5245d01cb3c16abbe36c8878eda515e918294469bd127c51040fd049f2004605
hcbqkzp,2,28.16901408,96.23851754,0xb6431ffffad8721ba161773f25c9032257595f74,0xf53f53e11b05ac3794b8cf0e390903e4bc0a7e02c9e8b57917289ab34d6ea6ad
hcb1o0m,2,28.16901408,96.23851754,0xFCE56f9e74e02D098eA74Ad530d089D331f68D79,0x2efdaab381532c7b560418eb73f4ffed5fc9c9041531941810688cfb5d447523
hcb746q,2,28.16901408,96.23851754,0xBeF6469c8A1d49D9241a6FbdA84f90F97e4D9197,0x3bf79ff7fb2ca7f04f233df7477257d86cdeef63b12adb9fb96437c69601c8a4
