0x18474d647B842843F204aA50138d79bDAA0E3382,0.00938967136150235
0x1c28eb67Bf18f27d4Da3C11010B30D9cfEf2B9b4,0.00938967136150235
0x26B8669b783518407198473AC2a51f8643141Af5,0.00938967136150235
0x2C0ea9c369dEa5273067e764e522B680AeD5018d,0.00938967136150235
0x2F24074d8Ce5589C1f3490eaC85D91792222Eaef,0.0187793427230047
0x2F3FCCF50aBDb278436FeB99CAB693a4d914f85c,0.0234741784037559
0x3713CeB72252413D6925a33e76a24cc3009148Bd,0.00938967136150235
0x3741703f6DB21aC013D009fafE64c85b717b1b37,0.0375586854460094
0x3C69Dce6B837C4F74e6D115aaAA6a3631767bBde,0.00938967136150235
0x53a7Fe236571E6ee893C3Aa1545449E1B6E058E5,0.0140845070422535
0x6085C654968949293Cc230B40e7eFe21F7dFEB70,0.00938967136150235
0x75BDAc18A9DeFBE8b1CC196C2c1cC2028062721d,0.00938967136150235
0x82FdcFe9B0a6EF2D210255E54DA6bAC7E56CFD8D,0.00938967136150235
0x8f601d28FBE190778255a740b023E17C147692C5,0.0610328638497653
0xA02Da1a053A52e48b5e78Ab9C596b20224015652,0.0140845070422535
0xa6ffafFd4E629121480a4128da393FEed3D704B8,0.00938967136150235
0xb6431ffffad8721ba161773f25c9032257595f74,0.00938967136150235
0xb83A6f8fbFBc4a4d875407e58dBd1793b986e235,0.028169014084507
0xbC1434d3257897f5a08B8769D79D2D9399b3f433,0.0140845070422535
0xBeF6469c8A1d49D9241a6FbdA84f90F97e4D9197,0.00938967136150235
0xC5a0D7D8d403f371985fCb5c4dD9527bF82eE4Ab,0.00938967136150235
0xd650312787bF0713de27734a22C8580cB9D93c4c,0.0140845070422535
0xD96858a7D676c1ef1F6dB910A42432548d4a8EB7,0.0140845070422535
0xD979FB0dF924888994D558d74Fd0493e090d3BA0,0.0516431924882629
0xdd2A4dBf3fdc4ae3B34a11797f51350A4306F1bb,0.00938967136150235
0xdd2A4dBf3fdc4ae3B34a11797f51350A4306F1bb,0.00938967136150235
0xeb6a80243f44cbc1d01faee660aab537f4a0b4ed,0.0234741784037559
0xf64d63A924b005f237EBa17f47793186d4b373e8,0.00938967136150235
0xf706B7E96a8C833749206834C1D9870a0aE9058C,0.00938967136150235
